<?xml version="1.0"?>
<font>
  <info face="Rolling Thunder 2" size="32" bold="0" italic="0" charset="" unicode="1" stretchH="100" smooth="0" aa="1" padding="0,0,0,0" spacing="1,1" outline="0"/>
  <common lineHeight="32" base="28" scaleW="256" scaleH="256" pages="1" packed="0" alphaChnl="0" redChnl="4" greenChnl="4" blueChnl="4"/>
  <pages>
    <page id="0" file="rolling-thunder_0.png" />
  </pages>
  <chars count="87">
    <char id="32" x="252" y="28" width="3" height="1" xoffset="-1" yoffset="31" xadvance="31" page="0" chnl="15" />
    <char id="33" x="121" y="196" width="4" height="27" xoffset="12" yoffset="1" xadvance="31" page="0" chnl="15" />
    <char id="34" x="215" y="196" width="11" height="12" xoffset="12" yoffset="1" xadvance="31" page="0" chnl="15" />
    <char id="35" x="232" y="168" width="19" height="27" xoffset="8" yoffset="1" xadvance="31" page="0" chnl="15" />
    <char id="36" x="0" y="200" width="19" height="27" xoffset="8" yoffset="1" xadvance="31" page="0" chnl="15" />
    <char id="37" x="126" y="196" width="19" height="19" xoffset="4" yoffset="5" xadvance="31" page="0" chnl="15" />
    <char id="38" x="200" y="0" width="27" height="27" xoffset="0" yoffset="1" xadvance="31" page="0" chnl="15" />
    <char id="39" x="227" y="196" width="8" height="12" xoffset="8" yoffset="1" xadvance="31" page="0" chnl="15" />
    <char id="42" x="146" y="196" width="19" height="19" xoffset="8" yoffset="5" xadvance="31" page="0" chnl="15" />
    <char id="43" x="166" y="196" width="19" height="19" xoffset="8" yoffset="5" xadvance="31" page="0" chnl="15" />
    <char id="44" x="236" y="196" width="8" height="12" xoffset="8" yoffset="16" xadvance="31" page="0" chnl="15" />
    <char id="45" x="20" y="228" width="19" height="4" xoffset="8" yoffset="12" xadvance="31" page="0" chnl="15" />
    <char id="46" x="250" y="196" width="4" height="4" xoffset="12" yoffset="20" xadvance="31" page="0" chnl="15" />
    <char id="47" x="186" y="196" width="19" height="19" xoffset="8" yoffset="5" xadvance="31" page="0" chnl="15" />
    <char id="48" x="168" y="28" width="27" height="27" xoffset="0" yoffset="1" xadvance="31" page="0" chnl="15" />
    <char id="49" x="112" y="168" width="23" height="27" xoffset="4" yoffset="1" xadvance="31" page="0" chnl="15" />
    <char id="50" x="224" y="28" width="27" height="27" xoffset="0" yoffset="1" xadvance="31" page="0" chnl="15" />
    <char id="51" x="0" y="60" width="27" height="27" xoffset="0" yoffset="1" xadvance="31" page="0" chnl="15" />
    <char id="52" x="28" y="60" width="27" height="27" xoffset="0" yoffset="1" xadvance="31" page="0" chnl="15" />
    <char id="53" x="56" y="56" width="27" height="27" xoffset="0" yoffset="1" xadvance="31" page="0" chnl="15" />
    <char id="54" x="32" y="0" width="27" height="27" xoffset="0" yoffset="1" xadvance="31" page="0" chnl="15" />
    <char id="55" x="112" y="56" width="27" height="27" xoffset="0" yoffset="1" xadvance="31" page="0" chnl="15" />
    <char id="56" x="140" y="56" width="27" height="27" xoffset="0" yoffset="1" xadvance="31" page="0" chnl="15" />
    <char id="57" x="168" y="56" width="27" height="27" xoffset="0" yoffset="1" xadvance="31" page="0" chnl="15" />
    <char id="58" x="245" y="196" width="4" height="11" xoffset="12" yoffset="9" xadvance="31" page="0" chnl="15" />
    <char id="59" x="206" y="196" width="8" height="19" xoffset="8" yoffset="9" xadvance="31" page="0" chnl="15" />
    <char id="60" x="40" y="200" width="15" height="27" xoffset="8" yoffset="1" xadvance="31" page="0" chnl="15" />
    <char id="61" x="0" y="228" width="19" height="11" xoffset="4" yoffset="9" xadvance="31" page="0" chnl="15" />
    <char id="62" x="56" y="196" width="15" height="27" xoffset="4" yoffset="1" xadvance="31" page="0" chnl="15" />
    <char id="63" x="20" y="200" width="19" height="27" xoffset="8" yoffset="1" xadvance="31" page="0" chnl="15" />
    <char id="64" x="112" y="84" width="27" height="27" xoffset="0" yoffset="1" xadvance="31" page="0" chnl="15" />
    <char id="65" x="140" y="84" width="27" height="27" xoffset="0" yoffset="1" xadvance="31" page="0" chnl="15" />
    <char id="66" x="168" y="84" width="27" height="27" xoffset="0" yoffset="1" xadvance="31" page="0" chnl="15" />
    <char id="67" x="196" y="84" width="27" height="27" xoffset="0" yoffset="1" xadvance="31" page="0" chnl="15" />
    <char id="68" x="224" y="84" width="27" height="27" xoffset="0" yoffset="1" xadvance="31" page="0" chnl="15" />
    <char id="69" x="0" y="116" width="27" height="27" xoffset="0" yoffset="1" xadvance="31" page="0" chnl="15" />
    <char id="70" x="28" y="116" width="27" height="27" xoffset="0" yoffset="1" xadvance="31" page="0" chnl="15" />
    <char id="71" x="56" y="112" width="27" height="27" xoffset="0" yoffset="1" xadvance="31" page="0" chnl="15" />
    <char id="72" x="84" y="112" width="27" height="27" xoffset="0" yoffset="1" xadvance="31" page="0" chnl="15" />
    <char id="73" x="72" y="196" width="15" height="27" xoffset="8" yoffset="1" xadvance="31" page="0" chnl="15" />
    <char id="74" x="140" y="112" width="27" height="27" xoffset="0" yoffset="1" xadvance="31" page="0" chnl="15" />
    <char id="75" x="168" y="112" width="27" height="27" xoffset="0" yoffset="1" xadvance="31" page="0" chnl="15" />
    <char id="76" x="160" y="168" width="23" height="27" xoffset="4" yoffset="1" xadvance="31" page="0" chnl="15" />
    <char id="77" x="56" y="28" width="27" height="27" xoffset="0" yoffset="1" xadvance="31" page="0" chnl="15" />
    <char id="78" x="224" y="112" width="27" height="27" xoffset="0" yoffset="1" xadvance="31" page="0" chnl="15" />
    <char id="79" x="0" y="144" width="27" height="27" xoffset="0" yoffset="1" xadvance="31" page="0" chnl="15" />
    <char id="80" x="28" y="144" width="27" height="27" xoffset="0" yoffset="1" xadvance="31" page="0" chnl="15" />
    <char id="81" x="56" y="140" width="27" height="27" xoffset="0" yoffset="1" xadvance="31" page="0" chnl="15" />
    <char id="82" x="84" y="140" width="27" height="27" xoffset="0" yoffset="1" xadvance="31" page="0" chnl="15" />
    <char id="83" x="112" y="140" width="27" height="27" xoffset="0" yoffset="1" xadvance="31" page="0" chnl="15" />
    <char id="84" x="140" y="140" width="27" height="27" xoffset="0" yoffset="1" xadvance="31" page="0" chnl="15" />
    <char id="85" x="168" y="140" width="27" height="27" xoffset="0" yoffset="1" xadvance="31" page="0" chnl="15" />
    <char id="86" x="196" y="140" width="27" height="27" xoffset="0" yoffset="1" xadvance="31" page="0" chnl="15" />
    <char id="87" x="224" y="140" width="27" height="27" xoffset="0" yoffset="1" xadvance="31" page="0" chnl="15" />
    <char id="88" x="0" y="172" width="27" height="27" xoffset="0" yoffset="1" xadvance="31" page="0" chnl="15" />
    <char id="89" x="136" y="168" width="23" height="27" xoffset="0" yoffset="1" xadvance="31" page="0" chnl="15" />
    <char id="90" x="28" y="172" width="27" height="27" xoffset="0" yoffset="1" xadvance="31" page="0" chnl="15" />
    <char id="91" x="104" y="196" width="8" height="27" xoffset="15" yoffset="1" xadvance="31" page="0" chnl="15" />
    <char id="93" x="113" y="196" width="7" height="27" xoffset="12" yoffset="1" xadvance="31" page="0" chnl="15" />
    <char id="97" x="56" y="168" width="27" height="27" xoffset="0" yoffset="1" xadvance="31" page="0" chnl="15" />
    <char id="98" x="84" y="168" width="27" height="27" xoffset="0" yoffset="1" xadvance="31" page="0" chnl="15" />
    <char id="99" x="60" y="0" width="27" height="27" xoffset="0" yoffset="1" xadvance="31" page="0" chnl="15" />
    <char id="100" x="88" y="0" width="27" height="27" xoffset="0" yoffset="1" xadvance="31" page="0" chnl="15" />
    <char id="101" x="116" y="0" width="27" height="27" xoffset="0" yoffset="1" xadvance="31" page="0" chnl="15" />
    <char id="102" x="144" y="0" width="27" height="27" xoffset="0" yoffset="1" xadvance="31" page="0" chnl="15" />
    <char id="103" x="172" y="0" width="27" height="27" xoffset="0" yoffset="1" xadvance="31" page="0" chnl="15" />
    <char id="104" x="196" y="112" width="27" height="27" xoffset="0" yoffset="1" xadvance="31" page="0" chnl="15" />
    <char id="105" x="88" y="196" width="15" height="27" xoffset="8" yoffset="1" xadvance="31" page="0" chnl="15" />
    <char id="106" x="228" y="0" width="27" height="27" xoffset="0" yoffset="1" xadvance="31" page="0" chnl="15" />
    <char id="107" x="0" y="32" width="27" height="27" xoffset="0" yoffset="1" xadvance="31" page="0" chnl="15" />
    <char id="108" x="208" y="168" width="23" height="27" xoffset="4" yoffset="1" xadvance="31" page="0" chnl="15" />
    <char id="109" x="28" y="32" width="27" height="27" xoffset="0" yoffset="1" xadvance="31" page="0" chnl="15" />
    <char id="110" x="84" y="28" width="27" height="27" xoffset="0" yoffset="1" xadvance="31" page="0" chnl="15" />
    <char id="111" x="112" y="28" width="27" height="27" xoffset="0" yoffset="1" xadvance="31" page="0" chnl="15" />
    <char id="112" x="140" y="28" width="27" height="27" xoffset="0" yoffset="1" xadvance="31" page="0" chnl="15" />
    <char id="113" x="196" y="28" width="27" height="27" xoffset="0" yoffset="1" xadvance="31" page="0" chnl="15" />
    <char id="114" x="112" y="112" width="27" height="27" xoffset="0" yoffset="1" xadvance="31" page="0" chnl="15" />
    <char id="115" x="84" y="56" width="27" height="27" xoffset="0" yoffset="1" xadvance="31" page="0" chnl="15" />
    <char id="116" x="196" y="56" width="27" height="27" xoffset="0" yoffset="1" xadvance="31" page="0" chnl="15" />
    <char id="117" x="224" y="56" width="27" height="27" xoffset="0" yoffset="1" xadvance="31" page="0" chnl="15" />
    <char id="118" x="0" y="88" width="27" height="27" xoffset="0" yoffset="1" xadvance="31" page="0" chnl="15" />
    <char id="119" x="28" y="88" width="27" height="27" xoffset="0" yoffset="1" xadvance="31" page="0" chnl="15" />
    <char id="120" x="56" y="84" width="27" height="27" xoffset="0" yoffset="1" xadvance="31" page="0" chnl="15" />
    <char id="121" x="184" y="168" width="23" height="27" xoffset="0" yoffset="1" xadvance="31" page="0" chnl="15" />
    <char id="122" x="84" y="84" width="27" height="27" xoffset="0" yoffset="1" xadvance="31" page="0" chnl="15" />
    <char id="160" x="32" y="28" width="3" height="1" xoffset="-1" yoffset="31" xadvance="31" page="0" chnl="15" />
    <char id="169" x="0" y="0" width="31" height="31" xoffset="0" yoffset="1" xadvance="31" page="0" chnl="15" />
  </chars>
</font>
